[{"ID":0,"Question":"Lorem ipsum dolor sit amet.","AnswerA":"","AnswerB":"","AnswerC":"","AnswerD":"","CorrectA":false,"CorrectB":false,"CorrectC":false,"CorrectD":false,"Count":0},{"ID":0,"Question":"Lorem ipsum dolor sit amet, consectetur adipiscing elit.","AnswerA":"","AnswerB":"","AnswerC":"","AnswerD":"","CorrectA":false,"CorrectB":false,"CorrectC":false,"CorrectD":false,"Count":0},{"ID":0,"Question":"Lorem ipsum dolor sit amet, consectetur adipiscing elit. Phasellus at mauris odio.","AnswerA":"","AnswerB":"","AnswerC":"","AnswerD":"","CorrectA":false,"CorrectB":false,"CorrectC":false,"CorrectD":false,"Count":0},{"ID":0,"Question":"Lorem ipsum dolor sit amet, consectetur adipiscing elit. Phasellus at mauris odio. Vestibulum ullamcorper lacinia lectus, non bibendum nisi laoreet vitae.","AnswerA":"","AnswerB":"","AnswerC":"","AnswerD":"","CorrectA":false,"CorrectB":false,"CorrectC":false,"CorrectD":false,"Count":0}]